{
  "snowflake-arctic-embed-m": {
    "probe_C1": 0.5362653061224489,
    "probe_C1_std": 0.07117471215358563,
    "null_mean": 0.5362653061224488,
    "null_std": 1.1102230246251565e-16,
    "length_corr": 0.01916421508291343,
    "overlap_mean": 0.7846497146310719
  },
  "bge-m3": {
    "probe_C1": 0.5097346938775511,
    "probe_C1_std": 0.05826064529769607,
    "null_mean": 0.5097346938775511,
    "null_std": 0.0,
    "length_corr": 0.05521167738347102,
    "overlap_mean": 0.6487471642648956
  },
  "nomic-embed-text-v1.5": {
    "probe_C1": 0.5363877551020408,
    "probe_C1_std": 0.05067425842054626,
    "null_mean": 0.5363877551020408,
    "null_std": 0.0,
    "length_corr": 0.05146108773796858,
    "overlap_mean": 0.6818394696615773
  }
}