{
  "snowflake-arctic-embed-m": {
    "resp_only_cosine": {
      "Good": 0.4949290060851927,
      "Helpful": 0.49898580121703856,
      "Honest": 0.5070993914807302,
      "Careful": 0.5010141987829615,
      "Genuine": 0.5030425963488844,
      "Thoughtful": 0.5070993914807302
    },
    "full_cosine": {
      "Good": 0.4847870182555781,
      "Helpful": 0.48884381338742394,
      "Honest": 0.4949290060851927,
      "Careful": 0.4908722109533469,
      "Genuine": 0.486815415821501,
      "Thoughtful": 0.486815415821501
    },
    "probe_resp": {
      "mean": 0.6733869305297876,
      "std": 0.0323356208826357,
      "folds": [
        0.6565656565656566,
        0.696969696969697,
        0.6262626262626263,
        0.6666666666666666,
        0.696969696969697,
        0.7373737373737373,
        0.673469387755102,
        0.673469387755102,
        0.6224489795918368,
        0.6836734693877551
      ]
    },
    "probe_full": {
      "mean": 0.6704493918779633,
      "std": 0.045200857679800824,
      "folds": [
        0.6161616161616161,
        0.6868686868686869,
        0.6161616161616161,
        0.7171717171717171,
        0.6363636363636364,
        0.6868686868686869,
        0.6428571428571429,
        0.7244897959183674,
        0.6326530612244898,
        0.7448979591836735
      ]
    }
  },
  "bge-m3": {
    "resp_only_cosine": {
      "Good": 0.5111561866125761,
      "Helpful": 0.4969574036511156,
      "Honest": 0.49290060851926976,
      "Careful": 0.5152129817444219,
      "Genuine": 0.486815415821501,
      "Thoughtful": 0.4908722109533469
    },
    "full_cosine": {
      "Good": 0.4847870182555781,
      "Helpful": 0.4949290060851927,
      "Honest": 0.4787018255578093,
      "Careful": 0.4847870182555781,
      "Genuine": 0.4726166328600406,
      "Thoughtful": 0.4787018255578093
    },
    "probe_resp": {
      "mean": 0.7007421150278292,
      "std": 0.04751606999196108,
      "folds": [
        0.7171717171717171,
        0.7272727272727273,
        0.6565656565656566,
        0.7676767676767676,
        0.7070707070707071,
        0.696969696969697,
        0.5918367346938775,
        0.7040816326530612,
        0.6836734693877551,
        0.7551020408163265
      ]
    },
    "probe_full": {
      "mean": 0.6754792826221397,
      "std": 0.034690185948456395,
      "folds": [
        0.6767676767676768,
        0.6565656565656566,
        0.6666666666666666,
        0.7171717171717171,
        0.6767676767676768,
        0.6363636363636364,
        0.6326530612244898,
        0.6632653061224489,
        0.673469387755102,
        0.7551020408163265
      ]
    }
  },
  "nomic-embed-text-v1.5": {
    "resp_only_cosine": {
      "Good": 0.5294117647058824,
      "Helpful": 0.5030425963488844,
      "Honest": 0.5456389452332657,
      "Careful": 0.5111561866125761,
      "Genuine": 0.5578093306288032,
      "Thoughtful": 0.537525354969574
    },
    "full_cosine": {
      "Good": 0.5212981744421906,
      "Helpful": 0.5111561866125761,
      "Honest": 0.5050709939148073,
      "Careful": 0.5233265720081136,
      "Genuine": 0.5517241379310345,
      "Thoughtful": 0.5354969574036511
    },
    "probe_resp": {
      "mean": 0.6815089672232529,
      "std": 0.03535503782207036,
      "folds": [
        0.6161616161616161,
        0.6464646464646465,
        0.696969696969697,
        0.7070707070707071,
        0.7171717171717171,
        0.7373737373737373,
        0.6428571428571429,
        0.6836734693877551,
        0.6938775510204082,
        0.673469387755102
      ]
    },
    "probe_full": {
      "mean": 0.6530406101834674,
      "std": 0.04412262934934719,
      "folds": [
        0.5656565656565656,
        0.6868686868686869,
        0.6868686868686869,
        0.6868686868686869,
        0.6666666666666666,
        0.7272727272727273,
        0.6224489795918368,
        0.6224489795918368,
        0.6326530612244898,
        0.6326530612244898
      ]
    }
  }
}