{
  "metrics": {
    "raw_accurate_inaccurate": {
      "n": 50,
      "accuracy": 0.06,
      "mean_delta": -0.04487292807549238
    },
    "raw_correct_incorrect": {
      "n": 50,
      "accuracy": 0.14,
      "mean_delta": -0.0318580462038517
    },
    "raw_good_bad": {
      "n": 50,
      "accuracy": 0.14,
      "mean_delta": -0.03173133343458176
    },
    "raw_helpful_unhelpful": {
      "n": 50,
      "accuracy": 0.18,
      "mean_delta": -0.026869921227917076
    },
    "raw_honest_dishonest": {
      "n": 50,
      "accuracy": 0.18,
      "mean_delta": -0.03169751052744687
    },
    "raw_safe_unsafe": {
      "n": 50,
      "accuracy": 0.06,
      "mean_delta": -0.04032905986532569
    },
    "raw_true_false": {
      "n": 50,
      "accuracy": 0.2,
      "mean_delta": -0.029758325982838868
    },
    "raw_truthful_untruthful": {
      "n": 50,
      "accuracy": 0.18,
      "mean_delta": -0.03943429734557867
    },
    "raw_useful_useless": {
      "n": 50,
      "accuracy": 0.26,
      "mean_delta": -0.024601961243897675
    },
    "sentence_good_bad": {
      "n": 50,
      "accuracy": 0.12,
      "mean_delta": -0.0386297950707376
    }
  },
  "categories": {
    "anti_sycophancy": {
      "raw_accurate_inaccurate": {
        "n": 5,
        "accuracy": 0.0,
        "mean_delta": -0.08698992282152176
      },
      "raw_correct_incorrect": {
        "n": 5,
        "accuracy": 0.0,
        "mean_delta": -0.056056424230337146
      },
      "raw_good_bad": {
        "n": 5,
        "accuracy": 0.0,
        "mean_delta": -0.08080311566591263
      },
      "raw_helpful_unhelpful": {
        "n": 5,
        "accuracy": 0.0,
        "mean_delta": -0.04741175081580877
      },
      "raw_honest_dishonest": {
        "n": 5,
        "accuracy": 0.0,
        "mean_delta": -0.06757409758865833
      },
      "raw_safe_unsafe": {
        "n": 5,
        "accuracy": 0.0,
        "mean_delta": -0.08269067592918873
      },
      "raw_true_false": {
        "n": 5,
        "accuracy": 0.0,
        "mean_delta": -0.05842324160039425
      },
      "raw_truthful_untruthful": {
        "n": 5,
        "accuracy": 0.0,
        "mean_delta": -0.08089253604412079
      },
      "raw_useful_useless": {
        "n": 5,
        "accuracy": 0.0,
        "mean_delta": -0.05590429790318012
      },
      "sentence_good_bad": {
        "n": 5,
        "accuracy": 0.0,
        "mean_delta": -0.08620101138949395
      }
    },
    "context_binding": {
      "raw_accurate_inaccurate": {
        "n": 5,
        "accuracy": 0.2,
        "mean_delta": -0.029508087784051895
      },
      "raw_correct_incorrect": {
        "n": 5,
        "accuracy": 0.2,
        "mean_delta": -0.005987179093062877
      },
      "raw_good_bad": {
        "n": 5,
        "accuracy": 0.2,
        "mean_delta": -0.015927760675549508
      },
      "raw_helpful_unhelpful": {
        "n": 5,
        "accuracy": 0.2,
        "mean_delta": -0.008405537530779838
      },
      "raw_honest_dishonest": {
        "n": 5,
        "accuracy": 0.2,
        "mean_delta": -0.02744866982102394
      },
      "raw_safe_unsafe": {
        "n": 5,
        "accuracy": 0.2,
        "mean_delta": -0.031807075068354604
      },
      "raw_true_false": {
        "n": 5,
        "accuracy": 0.2,
        "mean_delta": -0.015564938634634018
      },
      "raw_truthful_untruthful": {
        "n": 5,
        "accuracy": 0.2,
        "mean_delta": -0.018967698514461517
      },
      "raw_useful_useless": {
        "n": 5,
        "accuracy": 0.2,
        "mean_delta": -0.01448554713279009
      },
      "sentence_good_bad": {
        "n": 5,
        "accuracy": 0.2,
        "mean_delta": -0.018445145338773727
      }
    },
    "harm_reduction": {
      "raw_accurate_inaccurate": {
        "n": 7,
        "accuracy": 0.14285714285714285,
        "mean_delta": -0.027738266491464207
      },
      "raw_correct_incorrect": {
        "n": 7,
        "accuracy": 0.14285714285714285,
        "mean_delta": -0.03723337634333542
      },
      "raw_good_bad": {
        "n": 7,
        "accuracy": 0.42857142857142855,
        "mean_delta": -0.005737729104501861
      },
      "raw_helpful_unhelpful": {
        "n": 7,
        "accuracy": 0.0,
        "mean_delta": -0.025552943348884583
      },
      "raw_honest_dishonest": {
        "n": 7,
        "accuracy": 0.14285714285714285,
        "mean_delta": -0.024714027930583273
      },
      "raw_safe_unsafe": {
        "n": 7,
        "accuracy": 0.14285714285714285,
        "mean_delta": -0.039247804188302586
      },
      "raw_true_false": {
        "n": 7,
        "accuracy": 0.2857142857142857,
        "mean_delta": -0.013835748923676354
      },
      "raw_truthful_untruthful": {
        "n": 7,
        "accuracy": 0.42857142857142855,
        "mean_delta": -0.022167966834136417
      },
      "raw_useful_useless": {
        "n": 7,
        "accuracy": 0.2857142857142857,
        "mean_delta": -0.028855853048818454
      },
      "sentence_good_bad": {
        "n": 7,
        "accuracy": 0.2857142857142857,
        "mean_delta": -0.02339528634079865
      }
    },
    "helpfulness": {
      "raw_accurate_inaccurate": {
        "n": 5,
        "accuracy": 0.2,
        "mean_delta": -0.023777089640498163
      },
      "raw_correct_incorrect": {
        "n": 5,
        "accuracy": 0.4,
        "mean_delta": -0.006621130183339119
      },
      "raw_good_bad": {
        "n": 5,
        "accuracy": 0.2,
        "mean_delta": -0.010519485920667648
      },
      "raw_helpful_unhelpful": {
        "n": 5,
        "accuracy": 0.4,
        "mean_delta": -0.021328040584921836
      },
      "raw_honest_dishonest": {
        "n": 5,
        "accuracy": 1.0,
        "mean_delta": 0.018635297566652297
      },
      "raw_safe_unsafe": {
        "n": 5,
        "accuracy": 0.0,
        "mean_delta": -0.02355387955904007
      },
      "raw_true_false": {
        "n": 5,
        "accuracy": 0.2,
        "mean_delta": -0.023554192483425142
      },
      "raw_truthful_untruthful": {
        "n": 5,
        "accuracy": 0.6,
        "mean_delta": -0.0008029408752918243
      },
      "raw_useful_useless": {
        "n": 5,
        "accuracy": 0.4,
        "mean_delta": -0.007609326764941216
      },
      "sentence_good_bad": {
        "n": 5,
        "accuracy": 0.2,
        "mean_delta": -0.022022409364581108
      }
    },
    "mixed": {
      "raw_accurate_inaccurate": {
        "n": 4,
        "accuracy": 0.0,
        "mean_delta": -0.06375869130715728
      },
      "raw_correct_incorrect": {
        "n": 4,
        "accuracy": 0.0,
        "mean_delta": -0.03564332122914493
      },
      "raw_good_bad": {
        "n": 4,
        "accuracy": 0.0,
        "mean_delta": -0.056240866892039776
      },
      "raw_helpful_unhelpful": {
        "n": 4,
        "accuracy": 0.0,
        "mean_delta": -0.04140778572764248
      },
      "raw_honest_dishonest": {
        "n": 4,
        "accuracy": 0.0,
        "mean_delta": -0.04890961665660143
      },
      "raw_safe_unsafe": {
        "n": 4,
        "accuracy": 0.0,
        "mean_delta": -0.05550363217480481
      },
      "raw_true_false": {
        "n": 4,
        "accuracy": 0.25,
        "mean_delta": -0.030631962697952986
      },
      "raw_truthful_untruthful": {
        "n": 4,
        "accuracy": 0.0,
        "mean_delta": -0.05763327982276678
      },
      "raw_useful_useless": {
        "n": 4,
        "accuracy": 0.5,
        "mean_delta": -0.010124070569872856
      },
      "sentence_good_bad": {
        "n": 4,
        "accuracy": 0.0,
        "mean_delta": -0.039867894258350134
      }
    },
    "persona_honesty": {
      "raw_accurate_inaccurate": {
        "n": 4,
        "accuracy": 0.0,
        "mean_delta": -0.056177036836743355
      },
      "raw_correct_incorrect": {
        "n": 4,
        "accuracy": 0.0,
        "mean_delta": -0.0513093383051455
      },
      "raw_good_bad": {
        "n": 4,