{
  "snowflake-arctic-embed-m": {
    "careful_alone": 0.4857142857142857,
    "comp_vote": 0.5714285714285714,
    "warm_vote": 0.45714285714285713,
    "both_AND": 0.2857142857142857,
    "either_OR": 0.7428571428571429,
    "good": 0.5142857142857142
  },
  "bge-m3": {
    "careful_alone": 0.5142857142857142,
    "comp_vote": 0.6142857142857143,
    "warm_vote": 0.32857142857142857,
    "both_AND": 0.18571428571428572,
    "either_OR": 0.7571428571428571,
    "good": 0.35714285714285715
  },
  "nomic-embed-text-v1.5": {
    "careful_alone": 0.6428571428571429,
    "comp_vote": 0.6428571428571429,
    "warm_vote": 0.32857142857142857,
    "both_AND": 0.24285714285714285,
    "either_OR": 0.7285714285714285,
    "good": 0.3142857142857143
  }
}