{
  "model": "BAAI/bge-m3",
  "embedding_dim": 1024,
  "n_cases": 50,
  "targeted_accs": {
    "general_evaluative": 0.12,
    "harm_reduction": 0.44,
    "truthfulness": 0.26,
    "persona_honesty": 0.66,
    "anti_sycophancy": 0.8
  },
  "random_axis_stats": {
    "mean": 0.5232000000000001,
    "std": 0.11165016793538647,
    "min": 0.24,
    "max": 0.88
  },
  "random_accs": [
    0.44,
    0.6,
    0.4,
    0.52,
    0.46,
    0.74,
    0.58,
    0.32,
    0.44,
    0.5,
    0.56,
    0.54,
    0.48,
    0.64,
    0.54,
    0.62,
    0.42,
    0.42,
    0.36,
    0.72,
    0.38,
    0.6,
    0.48,
    0.26,
    0.6,
    0.64,
    0.4,
    0.64,
    0.8,
    0.62,
    0.48,
    0.38,
    0.66,
    0.24,
    0.72,
    0.48,
    0.6,
    0.42,
    0.38,
    0.56,
    0.48,
    0.32,
    0.54,
    0.38,
    0.54,
    0.36,
    0.68,
    0.4,
    0.4,
    0.6,
    0.64,
    0.5,
    0.54,
    0.42,
    0.64,
    0.6,
    0.56,
    0.56,
    0.44,
    0.42,
    0.62,
    0.58,
    0.5,
    0.52,
    0.3,
    0.48,
    0.6,
    0.66,
    0.66,
    0.52,
    0.62,
    0.56,
    0.56,
    0.64,
    0.52,
    0.38,
    0.68,
    0.5,
    0.64,
    0.28,
    0.5,
    0.5,
    0.5,
    0.7,
    0.48,
    0.4,
    0.48,
    0.48,
    0.44,
    0.46,
    0.52,
    0.46,
    0.76,
    0.46,
    0.5,
    0.56,
    0.42,
    0.52,
    0.6,
    0.74,
    0.66,
    0.7,
    0.48,
    0.52,
    0.44,
    0.56,
    0.38,
    0.54,
    0.6,
    0.56,
    0.58,
    0.66,
    0.44,
    0.5,
    0.58,
    0.74,
    0.42,
    0.64,
    0.88,
    0.44,
    0.48,
    0.32,
    0.44,
    0.58,
    0.46,
    0.52,
    0.56,
    0.44,
    0.5,
    0.34,
    0.42,
    0.6,
    0.56,
    0.66,
    0.4,
    0.56,
    0.42,
    0.52,
    0.56,
    0.48,
    0.58,
    0.56,
    0.4,
    0.52,
    0.66,
    0.36,
    0.34,
    0.62,
    0.42,
    0.44,
    0.52,
    0.58,
    0.56,
    0.38,
    0.42,
    0.36,
    0.54,
    0.64,
    0.58,
    0.46,
    0.34,
    0.6,
    0.56,
    0.64,
    0.68,
    0.4,
    0.66,
    0.64,
    0.52,
    0.58,
    0.62,
    0.52,
    0.38,
    0.46,
    0.56,
    0.32,
    0.38,
    0.52,
    0.48,
    0.68,
    0.52,
    0.64,
    0.5,
    0.74,
    0.56,
    0.44,
    0.58,
    0.54,
    0.42,
    0.38,
    0.56,
    0.68,
    0.68,
    0.38,
    0.54,
    0.54,
    0.56,
    0.56,
    0.64,
    0.6
  ],
  "perturbation": {
    "general_evaluative": {
      "original_accuracy": 0.12,
      "rephrased_accuracy": 0.14,
      "delta": 0.020000000000000018,
      "cosine_similarity": 0.8240567445755005
    },
    "harm_reduction": {
      "original_accuracy": 0.44,
      "rephrased_accuracy": 0.74,
      "delta": 0.3,
      "cosine_similarity": 0.639457106590271
    },
    "truthfulness": {
      "original_accuracy": 0.26,
      "rephrased_accuracy": 0.16,
      "delta": -0.1,
      "cosine_similarity": 0.5124394297599792
    },
    "persona_honesty": {
      "original_accuracy": 0.66,
      "rephrased_accuracy": 0.62,
      "delta": -0.040000000000000036,
      "cosine_similarity": 0.6633882522583008
    },
    "anti_sycophancy": {
      "original_accuracy": 0.8,
      "rephrased_accuracy": 0.54,
      "delta": -0.26,
      "cosine_similarity": 0.31807780265808105
    }
  },
  "mean_perturbation_cosine": 0.5914838671684265,
  "transfer": {
    "on_diagonal_mean": 0.44466089466089465,
    "off_diagonal_mean": 0.4383342352092352
  },
  "pca": {
    "pc1_explained": 0.4033958911895752,
    "pc1_accuracy": 0.86
  }
}
