{
  "metrics": {
    "raw_accurate_inaccurate": {
      "n": 50,
      "accuracy": 0.22,
      "mean_delta": -0.018889147210866212
    },
    "raw_correct_incorrect": {
      "n": 50,
      "accuracy": 0.26,
      "mean_delta": -0.0207673560641706
    },
    "raw_good_bad": {
      "n": 50,
      "accuracy": 0.48,
      "mean_delta": -0.00953708279877901
    },
    "raw_helpful_unhelpful": {
      "n": 50,
      "accuracy": 0.58,
      "mean_delta": 0.0022197585925459863
    },
    "raw_honest_dishonest": {
      "n": 50,
      "accuracy": 0.26,
      "mean_delta": -0.011216993182897568
    },
    "raw_safe_unsafe": {
      "n": 50,
      "accuracy": 0.36,
      "mean_delta": -0.01356040763668716
    },
    "raw_true_false": {
      "n": 50,
      "accuracy": 0.3,
      "mean_delta": -0.015946818413212896
    },
    "raw_truthful_untruthful": {
      "n": 50,
      "accuracy": 0.34,
      "mean_delta": -0.011839504633098841
    },
    "raw_useful_useless": {
      "n": 50,
      "accuracy": 0.38,
      "mean_delta": -0.0066885707713663575
    },
    "sentence_good_bad": {
      "n": 50,
      "accuracy": 0.36,
      "mean_delta": -0.010546127632260323
    }
  },
  "categories": {
    "anti_sycophancy": {
      "raw_accurate_inaccurate": {
        "n": 5,
        "accuracy": 0.0,
        "mean_delta": -0.047991659864783286
      },
      "raw_correct_incorrect": {
        "n": 5,
        "accuracy": 0.0,
        "mean_delta": -0.04283241219818592
      },
      "raw_good_bad": {
        "n": 5,
        "accuracy": 0.2,
        "mean_delta": -0.028362494707107545
      },
      "raw_helpful_unhelpful": {
        "n": 5,
        "accuracy": 1.0,
        "mean_delta": 0.018420545756816863
      },
      "raw_honest_dishonest": {
        "n": 5,
        "accuracy": 0.2,
        "mean_delta": -0.013049965724349022
      },
      "raw_safe_unsafe": {
        "n": 5,
        "accuracy": 0.2,
        "mean_delta": -0.03714154120534659
      },
      "raw_true_false": {
        "n": 5,
        "accuracy": 0.0,
        "mean_delta": -0.027857332304120064
      },
      "raw_truthful_untruthful": {
        "n": 5,
        "accuracy": 0.4,
        "mean_delta": -0.016771013289690016
      },
      "raw_useful_useless": {
        "n": 5,
        "accuracy": 0.4,
        "mean_delta": -0.02255562487989664
      },
      "sentence_good_bad": {
        "n": 5,
        "accuracy": 0.0,
        "mean_delta": -0.03932952657341957
      }
    },
    "context_binding": {
      "raw_accurate_inaccurate": {
        "n": 5,
        "accuracy": 0.0,
        "mean_delta": -0.022923039644956587
      },
      "raw_correct_incorrect": {
        "n": 5,
        "accuracy": 0.4,
        "mean_delta": -0.014877297915518284
      },
      "raw_good_bad": {
        "n": 5,
        "accuracy": 0.6,
        "mean_delta": -0.007726144790649414
      },
      "raw_helpful_unhelpful": {
        "n": 5,
        "accuracy": 0.2,
        "mean_delta": -0.011407410353422165
      },
      "raw_honest_dishonest": {
        "n": 5,
        "accuracy": 0.0,
        "mean_delta": -0.02925995588302612
      },
      "raw_safe_unsafe": {
        "n": 5,
        "accuracy": 0.4,
        "mean_delta": -0.0072716914117336275
      },
      "raw_true_false": {
        "n": 5,
        "accuracy": 0.2,
        "mean_delta": -0.02348569640889764
      },
      "raw_truthful_untruthful": {
        "n": 5,
        "accuracy": 0.2,
        "mean_delta": -0.012805846333503724
      },
      "raw_useful_useless": {
        "n": 5,
        "accuracy": 0.2,
        "mean_delta": -0.013817329984158277
      },
      "sentence_good_bad": {
        "n": 5,
        "accuracy": 0.2,
        "mean_delta": -0.01864631436765194
      }
    },
    "harm_reduction": {
      "raw_accurate_inaccurate": {
        "n": 7,
        "accuracy": 0.14285714285714285,
        "mean_delta": -0.008577175305358
      },
      "raw_correct_incorrect": {
        "n": 7,
        "accuracy": 0.42857142857142855,
        "mean_delta": -0.005172809186790671
      },
      "raw_good_bad": {
        "n": 7,
        "accuracy": 0.5714285714285714,
        "mean_delta": 0.00810639507004193
      },
      "raw_helpful_unhelpful": {
        "n": 7,
        "accuracy": 0.42857142857142855,
        "mean_delta": -0.00016751140356063843
      },
      "raw_honest_dishonest": {
        "n": 7,
        "accuracy": 0.5714285714285714,
        "mean_delta": 0.0019269255655152456
      },
      "raw_safe_unsafe": {
        "n": 7,
        "accuracy": 0.42857142857142855,
        "mean_delta": -0.004781608336738178
      },
      "raw_true_false": {
        "n": 7,
        "accuracy": 0.14285714285714285,
        "mean_delta": -0.029096322267183235
      },
      "raw_truthful_untruthful": {
        "n": 7,
        "accuracy": 0.7142857142857143,
        "mean_delta": -0.0014850098107542311
      },
      "raw_useful_useless": {
        "n": 7,
        "accuracy": 0.7142857142857143,
        "mean_delta": -0.0001886645331978798
      },
      "sentence_good_bad": {
        "n": 7,
        "accuracy": 0.42857142857142855,
        "mean_delta": -0.002170834956424577
      }
    },
    "helpfulness": {
      "raw_accurate_inaccurate": {
        "n": 5,
        "accuracy": 0.8,
        "mean_delta": 0.002212459221482277
      },
      "raw_correct_incorrect": {
        "n": 5,
        "accuracy": 0.4,
        "mean_delta": -0.014160474576056004
      },
      "raw_good_bad": {
        "n": 5,
        "accuracy": 1.0,
        "mean_delta": 0.011189995147287846
      },
      "raw_helpful_unhelpful": {
        "n": 5,
        "accuracy": 0.6,
        "mean_delta": 0.020955988392233848
      },
      "raw_honest_dishonest": {
        "n": 5,
        "accuracy": 0.6,
        "mean_delta": 0.011966665089130402
      },
      "raw_safe_unsafe": {
        "n": 5,
        "accuracy": 0.6,
        "mean_delta": -0.0050026562064886095
      },
      "raw_true_false": {
        "n": 5,
        "accuracy": 0.6,
        "mean_delta": 0.004799453355371952
      },
      "raw_truthful_untruthful": {
        "n": 5,
        "accuracy": 0.6,
        "mean_delta": 0.018927504867315294
      },
      "raw_useful_useless": {
        "n": 5,
        "accuracy": 0.4,
        "mean_delta": -0.002577615901827812
      },
      "sentence_good_bad": {
        "n": 5,
        "accuracy": 0.6,
        "mean_delta": 0.01681813448667526
      }
    },
    "mixed": {
      "raw_accurate_inaccurate": {
        "n": 4,
        "accuracy": 0.0,
        "mean_delta": -0.027876277454197407
      },
      "raw_correct_incorrect": {
        "n": 4,
        "accuracy": 0.25,
        "mean_delta": -0.019568219780921936
      },
      "raw_good_bad": {
        "n": 4,
        "accuracy": 0.0,
        "mean_delta": -0.014637286774814129
      },
      "raw_helpful_unhelpful": {
        "n": 4,
        "accuracy": 0.75,
        "mean_delta": 0.005247095134109259
      },
      "raw_honest_dishonest": {
        "n": 4,
        "accuracy": 0.25,
        "mean_delta": -0.015363169834017754
      },
      "raw_safe_unsafe": {
        "n": 4,
        "accuracy": 0.25,
        "mean_delta": -0.012919825268909335
      },
      "raw_true_false": {
        "n": 4,
        "accuracy": 0.5,
        "mean_delta": -0.015701008960604668
      },
      "raw_truthful_untruthful": {
        "n": 4,
        "accuracy": 0.25,
        "mean_delta": -0.03863162035122514
      },
      "raw_useful_useless": {
        "n": 4,
        "accuracy": 0.75,
        "mean_delta": 0.002928928704932332
      },
      "sentence_good_bad": {
        "n": 4,
        "accuracy": 0.5,
        "mean_delta": -0.010852054227143526
      }
    },
    "persona_honesty": {
      "raw_accurate_inaccurate": {
        "n": 4,
        "accuracy": 0.75,
        "mean_delta": 0.004122811369597912
      },
      "raw_correct_incorrect": {
        "n": 4,
        "accuracy": 0.25,
        "mean_delta": -0.003554754424840212
      },