{
  "model": "BAAI/bge-small-en-v1.5",
  "embedding_dim": 384,
  "n_cases": 50,
  "targeted_accs": {
    "general_evaluative": 0.12,
    "harm_reduction": 0.58,
    "truthfulness": 0.24,
    "persona_honesty": 0.42,
    "anti_sycophancy": 0.62
  },
  "random_axis_stats": {
    "mean": 0.49089999999999995,
    "std": 0.10037524595237614,
    "min": 0.22,
    "max": 0.76
  },
  "random_accs": [
    0.52,
    0.62,
    0.62,
    0.52,
    0.46,
    0.48,
    0.46,
    0.34,
    0.48,
    0.54,
    0.52,
    0.62,
    0.5,
    0.52,
    0.44,
    0.58,
    0.52,
    0.46,
    0.26,
    0.58,
    0.54,
    0.52,
    0.46,
    0.42,
    0.52,
    0.46,
    0.58,
    0.52,
    0.56,
    0.44,
    0.48,
    0.4,
    0.52,
    0.72,
    0.44,
    0.58,
    0.54,
    0.32,
    0.42,
    0.42,
    0.58,
    0.32,
    0.46,
    0.48,
    0.42,
    0.42,
    0.3,
    0.68,
    0.54,
    0.46,
    0.44,
    0.64,
    0.5,
    0.64,
    0.32,
    0.4,
    0.46,
    0.5,
    0.48,
    0.52,
    0.52,
    0.5,
    0.22,
    0.3,
    0.56,
    0.56,
    0.38,
    0.24,
    0.74,
    0.48,
    0.44,
    0.46,
    0.64,
    0.42,
    0.46,
    0.66,
    0.54,
    0.58,
    0.42,
    0.5,
    0.66,
    0.46,
    0.5,
    0.52,
    0.6,
    0.54,
    0.58,
    0.46,
    0.38,
    0.52,
    0.42,
    0.58,
    0.32,
    0.4,
    0.5,
    0.48,
    0.34,
    0.36,
    0.5,
    0.42,
    0.54,
    0.28,
    0.72,
    0.66,
    0.42,
    0.54,
    0.54,
    0.58,
    0.64,
    0.24,
    0.32,
    0.42,
    0.68,
    0.42,
    0.52,
    0.6,
    0.38,
    0.46,
    0.44,
    0.56,
    0.58,
    0.56,
    0.56,
    0.46,
    0.4,
    0.66,
    0.38,
    0.54,
    0.64,
    0.44,
    0.46,
    0.46,
    0.5,
    0.4,
    0.34,
    0.46,
    0.52,
    0.48,
    0.48,
    0.4,
    0.66,
    0.42,
    0.44,
    0.44,
    0.34,
    0.52,
    0.58,
    0.56,
    0.5,
    0.6,
    0.56,
    0.4,
    0.34,
    0.56,
    0.44,
    0.66,
    0.52,
    0.34,
    0.64,
    0.52,
    0.56,
    0.58,
    0.52,
    0.42,
    0.5,
    0.56,
    0.46,
    0.76,
    0.5,
    0.36,
    0.52,
    0.42,
    0.5,
    0.4,
    0.54,
    0.52,
    0.48,
    0.6,
    0.68,
    0.54,
    0.52,
    0.48,
    0.38,
    0.48,
    0.42,
    0.46,
    0.4,
    0.62,
    0.54,
    0.38,
    0.56,
    0.64,
    0.42,
    0.48,
    0.48,
    0.34,
    0.34,
    0.58,
    0.44,
    0.46
  ],
  "perturbation": {
    "general_evaluative": {
      "original_accuracy": 0.12,
      "rephrased_accuracy": 0.1,
      "delta": -0.01999999999999999,
      "cosine_similarity": 0.7813420295715332
    },
    "harm_reduction": {
      "original_accuracy": 0.58,
      "rephrased_accuracy": 0.78,
      "delta": 0.20000000000000007,
      "cosine_similarity": 0.43776315450668335
    },
    "truthfulness": {
      "original_accuracy": 0.24,
      "rephrased_accuracy": 0.2,
      "delta": -0.03999999999999998,
      "cosine_similarity": 0.5925159454345703
    },
    "persona_honesty": {
      "original_accuracy": 0.42,
      "rephrased_accuracy": 0.6,
      "delta": 0.18,
      "cosine_similarity": 0.4541940689086914
    },
    "anti_sycophancy": {
      "original_accuracy": 0.62,
      "rephrased_accuracy": 0.3,
      "delta": -0.32,
      "cosine_similarity": 0.2213444709777832
    }
  },
  "mean_perturbation_cosine": 0.4974319338798523,
  "transfer": {
    "on_diagonal_mean": 0.3154401154401154,
    "off_diagonal_mean": 0.41998556998557
  },
  "pca": {
    "pc1_explained": 0.38596946001052856,
    "pc1_accuracy": 0.72
  }
}
