{
  "random": {
    "tasks": 6,
    "tasks_solved": 3,
    "solve_rate": 0.5,
    "avg_selected_pass_rate": 0.8333333333333334,
    "avg_regret_vs_best_available": 0.16666666666666666,
    "best_candidate_hit_rate": 0.5
  },
  "length": {
    "tasks": 6,
    "tasks_solved": 3,
    "solve_rate": 0.5,
    "avg_selected_pass_rate": 0.8333333333333334,
    "avg_regret_vs_best_available": 0.16666666666666666,
    "best_candidate_hit_rate": 0.5
  },
  "direct_broad": {
    "tasks": 6,
    "tasks_solved": 5,
    "solve_rate": 0.8333333333333334,
    "avg_selected_pass_rate": 0.9666666666666667,
    "avg_regret_vs_best_available": 0.033333333333333326,
    "best_candidate_hit_rate": 0.8333333333333334
  },
  "direct_code": {
    "tasks": 6,
    "tasks_solved": 5,
    "solve_rate": 0.8333333333333334,
    "avg_selected_pass_rate": 0.9666666666666667,
    "avg_regret_vs_best_available": 0.033333333333333326,
    "best_candidate_hit_rate": 0.8333333333333334
  }
}
