{
  "model": "BAAI/bge-large-en-v1.5",
  "embedding_dim": 1024,
  "n_cases": 50,
  "targeted_accs": {
    "general_evaluative": 0.24,
    "harm_reduction": 0.52,
    "truthfulness": 0.38,
    "persona_honesty": 0.58,
    "anti_sycophancy": 0.58
  },
  "random_axis_stats": {
    "mean": 0.5017,
    "std": 0.08710401827700029,
    "min": 0.3,
    "max": 0.78
  },
  "random_accs": [
    0.34,
    0.62,
    0.54,
    0.54,
    0.42,
    0.44,
    0.46,
    0.58,
    0.42,
    0.48,
    0.56,
    0.5,
    0.48,
    0.48,
    0.36,
    0.64,
    0.7,
    0.54,
    0.7,
    0.3,
    0.42,
    0.7,
    0.62,
    0.4,
    0.42,
    0.46,
    0.36,
    0.42,
    0.46,
    0.44,
    0.4,
    0.52,
    0.42,
    0.54,
    0.7,
    0.58,
    0.58,
    0.52,
    0.4,
    0.44,
    0.6,
    0.44,
    0.56,
    0.42,
    0.62,
    0.66,
    0.46,
    0.36,
    0.46,
    0.38,
    0.64,
    0.52,
    0.56,
    0.46,
    0.68,
    0.54,
    0.48,
    0.58,
    0.54,
    0.62,
    0.48,
    0.46,
    0.5,
    0.54,
    0.52,
    0.5,
    0.42,
    0.54,
    0.4,
    0.56,
    0.56,
    0.48,
    0.62,
    0.42,
    0.42,
    0.46,
    0.7,
    0.66,
    0.46,
    0.44,
    0.44,
    0.44,
    0.44,
    0.52,
    0.62,
    0.38,
    0.52,
    0.46,
    0.54,
    0.44,
    0.44,
    0.48,
    0.46,
    0.42,
    0.42,
    0.6,
    0.5,
    0.34,
    0.52,
    0.56,
    0.58,
    0.52,
    0.52,
    0.48,
    0.4,
    0.38,
    0.44,
    0.58,
    0.42,
    0.58,
    0.52,
    0.44,
    0.4,
    0.58,
    0.78,
    0.46,
    0.58,
    0.54,
    0.62,
    0.42,
    0.66,
    0.6,
    0.52,
    0.42,
    0.5,
    0.48,
    0.5,
    0.38,
    0.42,
    0.46,
    0.5,
    0.46,
    0.54,
    0.42,
    0.56,
    0.42,
    0.62,
    0.52,
    0.52,
    0.5,
    0.46,
    0.54,
    0.6,
    0.64,
    0.42,
    0.48,
    0.44,
    0.42,
    0.6,
    0.42,
    0.42,
    0.38,
    0.44,
    0.44,
    0.54,
    0.6,
    0.56,
    0.52,
    0.56,
    0.6,
    0.34,
    0.6,
    0.6,
    0.56,
    0.56,
    0.56,
    0.54,
    0.44,
    0.6,
    0.48,
    0.42,
    0.48,
    0.48,
    0.58,
    0.38,
    0.44,
    0.46,
    0.46,
    0.54,
    0.54,
    0.4,
    0.42,
    0.48,
    0.48,
    0.52,
    0.54,
    0.52,
    0.44,
    0.44,
    0.36,
    0.42,
    0.4,
    0.66,
    0.56,
    0.46,
    0.58,
    0.72,
    0.42,
    0.48,
    0.5
  ],
  "perturbation": {
    "general_evaluative": {
      "original_accuracy": 0.24,
      "rephrased_accuracy": 0.22,
      "delta": -0.01999999999999999,
      "cosine_similarity": 0.7583562135696411
    },
    "harm_reduction": {
      "original_accuracy": 0.52,
      "rephrased_accuracy": 0.8,
      "delta": 0.28,
      "cosine_similarity": 0.5606381297111511
    },
    "truthfulness": {
      "original_accuracy": 0.38,
      "rephrased_accuracy": 0.34,
      "delta": -0.03999999999999998,
      "cosine_similarity": 0.5093227624893188
    },
    "persona_honesty": {
      "original_accuracy": 0.58,
      "rephrased_accuracy": 0.68,
      "delta": 0.10000000000000009,
      "cosine_similarity": 0.6357595920562744
    },
    "anti_sycophancy": {
      "original_accuracy": 0.58,
      "rephrased_accuracy": 0.5,
      "delta": -0.07999999999999996,
      "cosine_similarity": 0.3611353635787964
    }
  },
  "mean_perturbation_cosine": 0.5650424122810364,
  "transfer": {
    "on_diagonal_mean": 0.4764069264069264,
    "off_diagonal_mean": 0.45671672077922076
  },
  "pca": {
    "pc1_explained": 0.33220112323760986,
    "pc1_accuracy": 0.76
  }
}
