{
  "snowflake-arctic-embed-m": {
    "reverse": {
      "bat_on_exp": 0.7704918032786885,
      "exp_on_bat": 0.6285714285714286,
      "bat_self": 0.9714285714285714,
      "exp_self": 0.9836065573770492,
      "cos_dirs": 0.26942139863967896
    },
    "pooled": {
      "on_bat": 0.8857142857142857,
      "on_exp": 0.9508196721311475,
      "cos_bat": 0.7870045900344849,
      "cos_exp": 0.8061699867248535
    },
    "split_stability": {
      "cos_mean": 0.366362527012825,
      "cos_std": 0.04943922310792812,
      "cos_min": 0.24552959203720093,
      "acc_mean": 0.7538484848484848,
      "acc_std": 0.041828428982056944
    }
  },
  "bge-m3": {
    "reverse": {
      "bat_on_exp": 0.7540983606557377,
      "exp_on_bat": 0.6714285714285714,
      "bat_self": 0.8428571428571429,
      "exp_self": 0.9508196721311475,
      "cos_dirs": 0.4822938144207001
    },
    "pooled": {
      "on_bat": 0.7857142857142857,
      "on_exp": 0.9180327868852459,
      "cos_bat": 0.8593182563781738,
      "cos_exp": 0.862471342086792
    },
    "split_stability": {
      "cos_mean": 0.5690936350822449,
      "cos_std": 0.04094500220910508,
      "cos_min": 0.4595407247543335,
      "acc_mean": 0.7753892773892774,
      "acc_std": 0.022719732895516317
    }
  },
  "nomic-embed-text-v1.5": {
    "reverse": {
      "bat_on_exp": 0.6557377049180327,
      "exp_on_bat": 0.6285714285714286,
      "bat_self": 0.9,
      "exp_self": 0.9672131147540983,
      "cos_dirs": 0.2917085289955139
    },
    "pooled": {
      "on_bat": 0.8428571428571429,
      "on_exp": 0.8524590163934426,
      "cos_bat": 0.8123444318771362,
      "cos_exp": 0.7947818040847778
    },
    "split_stability": {
      "cos_mean": 0.3836823463439941,
      "cos_std": 0.044166761707179744,
      "cos_min": 0.2864091992378235,
      "acc_mean": 0.7160815850815851,
      "acc_std": 0.027763876754917042
    }
  }
}