{
  "snowflake-arctic-embed-m": {
    "overall_acc": 0.7704918032786885,
    "n_expansion": 61,
    "probe_acc": 0.8032786885245902,
    "per_category": {
      "anti_sycophancy": {
        "acc": 0.9333333333333333,
        "n": 15,
        "correct": 14
      },
      "conciseness_completeness": {
        "acc": 0.6,
        "n": 5,
        "correct": 3
      },
      "creative_quality": {
        "acc": 0.7692307692307693,
        "n": 13,
        "correct": 10
      },
      "factual_accuracy": {
        "acc": 0.6666666666666666,
        "n": 15,
        "correct": 10
      },
      "nuance_context": {
        "acc": 0.7692307692307693,
        "n": 13,
        "correct": 10
      }
    }
  },
  "bge-m3": {
    "overall_acc": 0.7540983606557377,
    "n_expansion": 61,
    "probe_acc": 0.8688524590163934,
    "per_category": {
      "anti_sycophancy": {
        "acc": 0.9333333333333333,
        "n": 15,
        "correct": 14
      },
      "conciseness_completeness": {
        "acc": 0.8,
        "n": 5,
        "correct": 4
      },
      "creative_quality": {
        "acc": 0.6923076923076923,
        "n": 13,
        "correct": 9
      },
      "factual_accuracy": {
        "acc": 0.6,
        "n": 15,
        "correct": 9
      },
      "nuance_context": {
        "acc": 0.7692307692307693,
        "n": 13,
        "correct": 10
      }
    }
  },
  "nomic-embed-text-v1.5": {
    "overall_acc": 0.6557377049180327,
    "n_expansion": 61,
    "probe_acc": 0.7213114754098361,
    "per_category": {
      "anti_sycophancy": {
        "acc": 0.9333333333333333,
        "n": 15,
        "correct": 14
      },
      "conciseness_completeness": {
        "acc": 0.8,
        "n": 5,
        "correct": 4
      },
      "creative_quality": {
        "acc": 0.5384615384615384,
        "n": 13,
        "correct": 7
      },
      "factual_accuracy": {
        "acc": 0.3333333333333333,
        "n": 15,
        "correct": 5
      },
      "nuance_context": {
        "acc": 0.7692307692307693,
        "n": 13,
        "correct": 10
      }
    }
  }
}