{
  "snowflake-arctic-embed-m": {
    "baseline": {
      "battery": 0.9714285714285714,
      "expansion": 0.8
    },
    "max_of_two": {
      "battery": 0.9428571428571428,
      "expansion": 0.6857142857142857
    },
    "prompt_routing": {
      "battery": 0.9428571428571428,
      "expansion": 0.5142857142857142
    },
    "pca_explained_var": [
      0.07621123641729355,
      0.053275030106306076,
      0.038892555981874466,
      0.03549462929368019,
      0.031836505979299545,
      0.0298627782613039,
      0.028932660818099976,
      0.025840546935796738,
      0.024342186748981476,
      0.022626644000411034
    ],
    "balanced": {
      "mean_exp": 0.5322857142857141,
      "weighted_battery": 0.7285714285714285,
      "weighted_expansion": 0.5142857142857142
    }
  },
  "bge-m3": {
    "baseline": {
      "battery": 0.8428571428571429,
      "expansion": 0.8
    },
    "max_of_two": {
      "battery": 0.9571428571428572,
      "expansion": 0.8285714285714286
    },
    "prompt_routing": {
      "battery": 0.9285714285714286,
      "expansion": 0.7714285714285715
    },
    "pca_explained_var": [
      0.07914678752422333,
      0.040417589247226715,
      0.03586585819721222,
      0.032283805310726166,
      0.02985268458724022,
      0.029381277039647102,
      0.02927377074956894,
      0.02797164022922516,
      0.025543199852108955,
      0.024453625082969666
    ],
    "balanced": {
      "mean_exp": 0.7737142857142857,
      "weighted_battery": 0.9285714285714286,
      "weighted_expansion": 0.8
    }
  },
  "nomic-embed-text-v1.5": {
    "baseline": {
      "battery": 0.9,
      "expansion": 0.7714285714285715
    },
    "max_of_two": {
      "battery": 0.9428571428571428,
      "expansion": 0.7428571428571429
    },
    "prompt_routing": {
      "battery": 0.8714285714285714,
      "expansion": 0.7714285714285715
    },
    "pca_explained_var": [
      0.06348247081041336,
      0.04246414825320244,
      0.03764479607343674,
      0.03653079643845558,
      0.0334065705537796,
      0.03171283379197121,
      0.028489109128713608,
      0.02748744562268257,
      0.026247065514326096,
      0.024882003664970398
    ],
    "balanced": {
      "mean_exp": 0.5339999999999999,
      "weighted_battery": 0.8285714285714286,
      "weighted_expansion": 0.6285714285714286
    }
  }
}