{
  "snowflake/snowflake-arctic-embed-m": {
    "n_cases": 131,
    "n_dims": 768,
    "variance_explained": [
      0.08103,
      0.036432,
      0.030877,
      0.024241,
      0.02223,
      0.021008,
      0.020716,
      0.01901,
      0.018166,
      0.01763,
      0.016916,
      0.016177,
      0.015934,
      0.015523,
      0.015015,
      0.014562,
      0.01409,
      0.013723,
      0.013566,
      0.01322
    ],
    "cumulative_variance": [
      0.08103,
      0.117462,
      0.148338,
      0.17258,
      0.19481,
      0.215818,
      0.236533,
      0.255543,
      0.27371,
      0.291339,
      0.308255,
      0.324431,
      0.340365,
      0.355888,
      0.370904,
      0.385465,
      0.399555,
      0.413278,
      0.426844,
      0.440064
    ],
    "pcs_for_50pct": 25,
    "pcs_for_80pct": 51,
    "pcs_for_90pct": 51,
    "pc_cosines_centroid": [
      0.1929,
      -0.1629,
      0.1313,
      -0.0414,
      -0.0588,
      -0.1759,
      0.0084,
      0.1501,
      0.021,
      -0.03
    ],
    "pc_cosines_firmness": [
      -0.2614,
      -0.5304,
      -0.1102,
      -0.0069,
      -0.0019,
      -0.0284,
      0.0549,
      0.0641,
      -0.0725,
      0.1491
    ],
    "pc_cosines_warmth": [
      0.3801,
      0.6981,
      -0.2035,
      0.0366,
      -0.1012,
      -0.1496,
      -0.0717,
      0.1891,
      0.1698,
      -0.1299
    ],
    "centroid_expansion_accuracy": 0.9344
  },
  "BAAI/bge-m3": {
    "n_cases": 131,
    "n_dims": 1024,
    "variance_explained": [
      0.061796,
      0.033671,
      0.030455,
      0.027437,
      0.022252,
      0.020675,
      0.019859,
      0.019283,
      0.018373,
      0.018206,
      0.017541,
      0.016913,
      0.016294,
      0.016063,
      0.015371,
      0.01533,
      0.014897,
      0.014544,
      0.014044,
      0.013722
    ],
    "cumulative_variance": [
      0.061796,
      0.095467,
      0.125922,
      0.153359,
      0.175612,
      0.196287,
      0.216146,
      0.235429,
      0.253802,
      0.272008,
      0.289549,
      0.306462,
      0.322757,
      0.338819,
      0.35419,
      0.36952,
      0.384417,
      0.39896,
      0.413004,
      0.426726
    ],
    "pcs_for_50pct": 26,
    "pcs_for_80pct": 51,
    "pcs_for_90pct": 51,
    "pc_cosines_centroid": [
      -0.4916,
      -0.2662,
      -0.2776,
      -0.1012,
      -0.0722,
      -0.0147,
      0.1007,
      -0.1652,
      -0.0049,
      0.0038
    ],
    "pc_cosines_firmness": [
      -0.686,
      -0.3948,
      -0.0509,
      -0.2355,
      -0.01,
      0.0069,
      0.1726,
      -0.0434,
      0.1066,
      0.0576
    ],
    "pc_cosines_warmth": [
      0.7138,
      -0.1907,
      0.0909,
      0.2572,
      -0.0115,
      0.0225,
      -0.0221,
      -0.2635,
      -0.0887,
      0.0834
    ],
    "centroid_expansion_accuracy": 0.918
  },
  "nomic-ai/nomic-embed-text-v1.5": {
    "n_cases": 131,
    "n_dims": 768,
    "variance_explained": [
      0.076369,
      0.04702,
      0.031262,
      0.028699,
      0.027058,
      0.02584,
      0.024384,
      0.022022,
      0.021876,
      0.020311,
      0.01935,
      0.018297,
      0.017798,
      0.016776,
      0.01632,
      0.016159,
      0.015943,
      0.01544,
      0.014278,
      0.014215
    ],
    "cumulative_variance": [
      0.076369,
      0.123388,
      0.15465,
      0.183349,
      0.210407,
      0.236247,
      0.260631,
      0.282654,
      0.30453,
      0.324841,
      0.344191,
      0.362488,
      0.380286,
      0.397062,
      0.413382,
      0.429541,
      0.445484,
      0.460924,
      0.475201,
      0.489416
    ],
    "pcs_for_50pct": 21,
    "pcs_for_80pct": 51,
    "pcs_for_90pct": 51,
    "pc_cosines_centroid": [
      0.5788,
      -0.1076,
      -0.2982,
      -0.0903,
      0.0817,
      -0.0783,
      0.0453,
      0.1127,
      -0.0226,
      0.0974
    ],
    "pc_cosines_firmness": [
      0.743,
      -0.2783,
      0.0435,
      -0.1548,
      0.1186,
      0.0042,
      0.143,
      0.006,
      -0.166,
      -0.0826
    ],
    "pc_cosines_warmth": [
      -0.7035,
      -0.3461,
      -0.3611,
      0.0388,
      -0.0137,
      -0.0775,
      -0.0191,
      -0.0134,
      0.2023,
      0.0379
    ],
    "centroid_expansion_accuracy": 0.8852
  }
}