{
  "snowflake-arctic-embed-m": {
    "phrase_cosines": {
      "well written": 0.04621073976159096,
      "high quality": 0.03435825556516647,
      "good answer": 0.0640316978096962,
      "thorough analysis": 0.04344964027404785,
      "clear explanation": 0.05003824830055237,
      "helpful response": 0.07168899476528168,
      "excellent response": 0.047087810933589935,
      "accurate and complete": 0.028885863721370697,
      "thoughtful and nuanced": 0.045676812529563904,
      "well reasoned": 0.04771192744374275,
      "good job": 0.03917545825242996,
      "perfect answer": 0.0586378276348114,
      "very helpful": 0.05350214242935181,
      "great response": 0.05440441146492958,
      "insightful analysis": 0.03195549175143242,
      "comprehensive answer": 0.058277230709791183,
      "poorly written": 0.07221245020627975,
      "low quality": 0.05075189843773842,
      "bad answer": 0.062367625534534454,
      "shallow analysis": 0.04306735470890999,
      "confusing explanation": 0.05700810253620148,
      "unhelpful response": 0.06612010300159454,
      "terrible response": 0.06149560958147049,
      "inaccurate and incomplete": 0.07741648703813553,
      "lazy and superficial": 0.036930277943611145,
      "poorly reasoned": 0.06384475529193878,
      "bad job": 0.05299113318324089,
      "awful answer": 0.07040578126907349,
      "not helpful": 0.0845724493265152,
      "useless response": 0.06540797650814056,
      "factually correct": 0.03916940093040466,
      "emotionally supportive": 0.03122992441058159,
      "refuses harmful request": 0.08764911442995071,
      "avoids sycophancy": 0.07927908003330231,
      "honest and direct": 0.03756198287010193,
      "warm and empathetic": 0.03795558586716652,
      "technically precise": 0.04294958710670471,
      "safe and responsible": 0.03448125347495079,
      "factually wrong": 0.06031183898448944,
      "emotionally cold": 0.033349499106407166,
      "helps with harmful request": 0.0771915465593338,
      "sycophantic and agreeable": 0.03585004061460495,
      "dishonest and evasive": 0.0659370869398117,
      "cold and dismissive": 0.05651451647281647,
      "technically sloppy": 0.06678873300552368,
      "reckless and irresponsible": 0.06760712713003159
    },
    "word_cosines": {
      "good": 0.031027719378471375,
      "bad": 0.04981526732444763,
      "helpful": 0.07043478637933731,
      "unhelpful": 0.0667191594839096,
      "accurate": 0.0351615734398365,
      "inaccurate": 0.058726564049720764,
      "careful": 0.07793806493282318,
      "careless": 0.052033260464668274,
      "thorough": 0.05255671590566635,
      "shallow": 0.05281977355480194,
      "warm": 0.05901364982128143,
      "cold": 0.03915204107761383,
      "honest": 0.05994934216141701,
      "dishonest": 0.0651383027434349,
      "safe": 0.045866675674915314,
      "unsafe": 0.07291540503501892,
      "sycophantic": 0.06752301752567291,
      "direct": 0.06256809830665588,
      "nuanced": 0.06787685304880142,
      "simplistic": 0.04596574231982231,
      "thoughtful": 0.048444122076034546,
      "thoughtless": 0.037740033119916916
    },
    "phrase_stats": {
      "max_abs_cosine": 0.08764911442995071,
      "mean_abs_cosine": 0.05420675817067209,
      "num_above_0.30": 0,
      "num_above_0.20": 0
    },
    "word_stats": {
      "max_abs_cosine": 0.07793806493282318,
      "mean_abs_cosine": 0.0554266439920122,
      "num_above_0.30": 0,
      "num_above_0.20": 0
    }
  },
  "bge-m3": {
    "phrase_cosines": {
      "well written": -0.1104169636964798,
      "high quality": -0.09344828873872757,
      "good answer": -0.037331853061914444,
      "thorough analysis": -0.016208980232477188,
      "clear explanation": -0.11777405440807343,
      "helpful response": 0.002928095869719982,
      "excellent response": -0.1369929313659668,
      "accurate and complete": -0.14899608492851257,
      "thoughtful and nuanced": -0.04812178760766983,
      "well reasoned": -0.10033026337623596,
      "good job": -0.07071880251169205,
      "perfect answer": -0.14506712555885315,
      "very helpful": -0.05970895662903786,
      "great response": -0.10596096515655518,
      "insightful analysis": -0.015169210731983185,
      "comprehensive answer": -0.010688336566090584,
      "poorly written": 0.14189903438091278,
      "low quality": 0.125156968832016,
      "bad answer": 0.17236030101776123,
      "shallow analysis": 0.09527932107448578,
      "confusing explanation": 0.12092016637325287,
      "unhelpful response": 0.1694025695323944,
      "terrible response": 0.0749177411198616,
      "inaccurate and incomplete": 0.17397546768188477,
      "lazy and superficial": 0.12027302384376526,
      "poorly reasoned": 0.11540096998214722,
      "bad job": 0.14305290579795837,
      "awful answer": 0.10425825417041779,
      "not helpful": 0.24420657753944397,
      "useless response": 0.1249823197722435,
      "factually correct": -0.0821399986743927,
      "emotionally supportive": -0.044655926525592804,
      "refuses harmful request": 0.2102799266576767,
      "avoids sycophancy": 0.1024368405342102,
      "honest and direct": -0.15054598450660706,
      "warm and empathetic": -0.11259093880653381,
      "technically precise": -0.05255236476659775,
      "safe and responsible": -0.05006495118141174,
      "factually wrong": 0.11519832909107208,
      "emotionally cold": 0.05336392670869827,
      "helps with harmful request": 0.14001740515232086,
      "sycophantic and agreeable": -0.037877194583415985,
      "dishonest and evasive": 0.08275839686393738,
      "cold and dismissive": 0.10898467898368835,
      "technically sloppy": 0.13458237051963806,
      "reckless and irresponsible": 0.10536462813615799
    },
    "word_cosines": {
      "good": -0.02840561978518963,
      "bad": 0.16048163175582886,
      "helpful": 0.04529929533600807,
      "unhelpful": 0.2048494815826416,
      "accurate": -0.08588168025016785,
      "inaccurate": 0.16042913496494293,
      "careful": 0.10852697491645813,
      "careless": 0.11781960725784302,
      "thorough": -0.07393905520439148,
      "shallow": 0.07308369874954224,
      "warm": -0.030110972002148628,
      "cold": 0.09319265186786652,
      "honest": -0.06095673143863678,
      "dishonest": 0.11383278667926788,
      "safe": 0.0023935846984386444,
      "unsafe": 0.16021355986595154,
      "sycophantic": 0.0179323460906744,
      "direct": -0.028979633003473282,
      "nuanced": 0.08370062708854675,
      "simplistic": 0.045258574187755585,
      "thoughtful": -0.017464492470026016,
      "thoughtless": 0.09722498804330826
    },
    "phrase_stats": {
      "max_abs_cosine": 0.24420657753944397,
      "mean_abs_cosine": 0.10281222137501059,
      "num_above_0.30": 0,
      "num_above_0.20": 2
    },
    "word_stats": {
      "max_abs_cosine": 0.2048494815826416,
      "mean_abs_cosine": 0.08227168760177764,
      "num_above_0.30": 0,
      "num_above_0.20": 1
    }
  },
  "nomic-embed-text-v1.5": {
    "phrase_cosines": {
      "well written": 0.006863832473754883,
      "high quality": -0.05034682899713516,
      "good answer": -0.022480549290776253,
      "thorough analysis": -0.014489882625639439,
      "clear explanation": 0.02632070705294609,
      "helpful response": 0.028612591326236725,
      "excellent response": -0.025365237146615982,
      "accurate and complete": 0.014228979125618935,
      "thoughtful and nuanced": 0.028938759118318558,
      "well reasoned": 0.021571777760982513,
      "good job": -0.02881009131669998,
      "perfect answer": 0.005680335685610771,
      "very helpful": 0.01879413053393364,
      "great response": 0.002265379298478365,
      "insightful analysis": -0.003116949461400509,
      "comprehensive answer": 0.002955617383122444,
      "poorly written": 0.05280527472496033,
      "low quality": 0.002820138819515705,
      "bad answer": 0.07981549203395844,
      "shallow analysis": 0.050912387669086456,