{
  "model": "snowflake/snowflake-arctic-embed-l",
  "n_cases": 50,
  "n_random_axes": 200,
  "seed": 42,
  "embedding_dim": 1024,
  "targeted_accs": {
    "general_evaluative": 0.28,
    "harm_reduction": 0.48,
    "truthfulness": 0.48,
    "persona_honesty": 0.6,
    "anti_sycophancy": 0.3
  },
  "random_axis_stats": {
    "mean": 0.5034000000000001,
    "std": 0.08660508068237105,
    "min": 0.26,
    "max": 0.74,
    "median": 0.5
  },
  "random_accs": [
    0.5,
    0.58,
    0.6,
    0.46,
    0.44,
    0.5,
    0.44,
    0.52,
    0.54,
    0.64,
    0.52,
    0.26,
    0.6,
    0.52,
    0.56,
    0.44,
    0.5,
    0.52,
    0.46,
    0.6,
    0.56,
    0.36,
    0.46,
    0.44,
    0.62,
    0.5,
    0.48,
    0.36,
    0.48,
    0.56,
    0.42,
    0.48,
    0.46,
    0.54,
    0.46,
    0.42,
    0.56,
    0.62,
    0.5,
    0.54,
    0.48,
    0.48,
    0.56,
    0.44,
    0.6,
    0.5,
    0.64,
    0.44,
    0.5,
    0.5,
    0.5,
    0.4,
    0.46,
    0.46,
    0.48,
    0.46,
    0.52,
    0.4,
    0.4,
    0.48,
    0.44,
    0.6,
    0.44,
    0.58,
    0.34,
    0.52,
    0.64,
    0.44,
    0.74,
    0.38,
    0.58,
    0.52,
    0.68,
    0.56,
    0.46,
    0.38,
    0.38,
    0.6,
    0.52,
    0.6,
    0.44,
    0.42,
    0.66,
    0.42,
    0.7,
    0.58,
    0.42,
    0.42,
    0.38,
    0.4,
    0.54,
    0.48,
    0.62,
    0.46,
    0.48,
    0.54,
    0.6,
    0.74,
    0.56,
    0.6,
    0.44,
    0.5,
    0.48,
    0.48,
    0.48,
    0.48,
    0.4,
    0.64,
    0.52,
    0.4,
    0.66,
    0.38,
    0.58,
    0.56,
    0.56,
    0.58,
    0.4,
    0.54,
    0.4,
    0.46,
    0.52,
    0.54,
    0.62,
    0.62,
    0.5,
    0.42,
    0.54,
    0.5,
    0.58,
    0.52,
    0.5,
    0.5,
    0.46,
    0.52,
    0.48,
    0.46,
    0.5,
    0.68,
    0.46,
    0.48,
    0.4,
    0.5,
    0.48,
    0.6,
    0.56,
    0.64,
    0.6,
    0.58,
    0.58,
    0.46,
    0.48,
    0.46,
    0.5,
    0.6,
    0.42,
    0.68,
    0.4,
    0.38,
    0.46,
    0.5,
    0.5,
    0.4,
    0.62,
    0.5,
    0.54,
    0.38,
    0.28,
    0.6,
    0.48,
    0.72,
    0.42,
    0.48,
    0.52,
    0.64,
    0.46,
    0.52,
    0.52,
    0.48,
    0.46,
    0.44,
    0.56,
    0.64,
    0.32,
    0.48,
    0.38,
    0.52,
    0.4,
    0.3,
    0.56,
    0.58,
    0.54,
    0.52,
    0.56,
    0.5,
    0.36,
    0.4,
    0.46,
    0.48,
    0.4,
    0.56
  ]
}
