{
  "battery_Raw good/bad": {
    "k": 13,
    "n": 50,
    "acc": 0.26,
    "p": 0.9998470679991982,
    "ci_lo": 0.15871379651367384,
    "ci_hi": 0.3955342198899992
  },
  "battery_Best proxy (useful/useless)": {
    "k": 21,
    "n": 50,
    "acc": 0.42,
    "p": 0.8986806244677297,
    "ci_lo": 0.2937479723456693,
    "ci_hi": 0.5576680331222217
  },
  "battery_Targeted: anti-sycophancy": {
    "k": 49,
    "n": 50,
    "acc": 0.98,
    "p": 4.529709940470639e-14,
    "ci_lo": 0.8950431352816304,
    "ci_hi": 0.9964608319110235
  },
  "battery_Targeted: persona honesty": {
    "k": 48,
    "n": 50,
    "acc": 0.96,
    "p": 1.1333156635373598e-12,
    "ci_lo": 0.8653966212204534,
    "ci_hi": 0.9889613473391734
  },
  "battery_Targeted: harm reduction": {
    "k": 47,
    "n": 50,
    "acc": 0.94,
    "p": 1.8541612689659814e-11,
    "ci_lo": 0.8378265662912299,
    "ci_hi": 0.9793854036353695
  },
  "battery_Targeted: truthfulness": {
    "k": 45,
    "n": 50,
    "acc": 0.9,
    "p": 2.104926011270436e-09,
    "ci_lo": 0.7863950966521162,
    "ci_hi": 0.956524876008429
  },
  "battery_Combined targeted axes": {
    "k": 43,
    "n": 50,
    "acc": 0.86,
    "p": 1.049338713698944e-07,
    "ci_lo": 0.738135428014719,
    "ci_hi": 0.9304925473797714
  },
  "reranking_Code (3-way)": {
    "k": 5,
    "n": 6,
    "p0": 0.3333333333333333,
    "acc": 0.8333333333333334,
    "p": 0.017832647462276863,
    "ci_lo": 0.43649056343635395,
    "ci_hi": 0.9699474141282697
  },
  "reranking_Math (3-way)": {
    "k": 8,
    "n": 8,
    "p0": 0.3333333333333333,
    "acc": 1.0,
    "p": 0.00015241579027547303,
    "ci_lo": 0.6755843804891231,
    "ci_hi": 1
  },
  "reranking_Tool (3-way)": {
    "k": 7,
    "n": 8,
    "p0": 0.3333333333333333,
    "acc": 0.875,
    "p": 0.0025910684346894808,
    "ci_lo": 0.5291051942301386,
    "ci_hi": 0.9775830911367038
  },
  "oss_Snowflake Arctic-M (best local)": {
    "k": 37,
    "n": 50,
    "acc": 0.74,
    "p": 0.0004681114554259125,
    "ci_lo": 0.6044657801100008,
    "ci_hi": 0.8412862034863262
  },
  "oss_Jina v2 small": {
    "k": 34,
    "n": 50,
    "acc": 0.68,
    "p": 0.007673338916315053,
    "ci_lo": 0.5418944286372394,
    "ci_hi": 0.792419559060006
  },
  "oss_Jina v2 base": {
    "k": 32,
    "n": 50,
    "acc": 0.64,
    "p": 0.03245432353613609,
    "ci_lo": 0.5014076201030195,
    "ci_hi": 0.7586143703281711
  },
  "oss_BGE-small": {
    "k": 31,
    "n": 50,
    "acc": 0.62,
    "p": 0.05946022627971814,
    "ci_lo": 0.4815019502239357,
    "ci_hi": 0.7413740415742278
  },
  "oss_Gemini (combined targeted)": {
    "k": 43,
    "n": 50,
    "acc": 0.86,
    "p": 1.049338713698944e-07,
    "ci_lo": 0.738135428014719,
    "ci_hi": 0.9304925473797714
  },
  "oss_Gemini (best targeted axis)": {
    "k": 49,
    "n": 50,
    "acc": 0.98,
    "p": 4.529709940470639e-14,
    "ci_lo": 0.8950431352816304,
    "ci_hi": 0.9964608319110235
  }
}
